{"cameraMode":{"drawMode":0,"name":"Shaded","section":"Shading Mode"},"sceneLighting":true,"audioPlay":false,"sceneViewState":{"m_AlwaysRefresh":false,"showFog":true,"showSkybox":true,"showFlares":true,"showImageEffects":true,"showParticleSystems":true,"showVisualEffectGraphs":true,"m_FxEnabled":true},"in2DMode":false,"pivot":{"x":0.2754642963409424,"y":0.03919319063425064,"z":-0.6584921479225159},"rotation":{"x":-0.2472013682126999,"y":0.5624207258224487,"z":-0.18103353679180146,"w":-0.7679868340492249},"size":6.971035003662109,"orthographic":false}